       4608-th eigenvalue,  0.4160782748939322E+01
       4608-th eigenvalue,  0.4112043593059655E+01
       4608-th eigenvalue,  0.3977236171050643E+01
       4608-th eigenvalue,  0.3784456196267432E+01
       4608-th eigenvalue,  0.3565525765680263E+01
       4608-th eigenvalue,  0.3345722306254491E+01
       4608-th eigenvalue,  0.3140226885412505E+01
       4608-th eigenvalue,  0.2999992651821638E+01
       4608-th eigenvalue,  0.2872564082840726E+01
       4608-th eigenvalue,  0.2750235438911393E+01
       4608-th eigenvalue,  0.2634132316820891E+01
       4608-th eigenvalue,  0.2524678586708196E+01
       4608-th eigenvalue,  0.2421862417250661E+01
       4608-th eigenvalue,  0.2325422237998243E+01
       4608-th eigenvalue,  0.2234967543216255E+01
       4608-th eigenvalue,  0.2150053619003310E+01
       4608-th eigenvalue,  0.2070226066138380E+01
       4608-th eigenvalue,  0.1995046368675228E+01
       4608-th eigenvalue,  0.1924105910053020E+01
       4608-th eigenvalue,  0.1857033147084595E+01
       4608-th eigenvalue,  0.1793496918783091E+01
       4608-th eigenvalue,  0.1733207801382294E+01
       4608-th eigenvalue,  0.1675918775473989E+01
       4608-th eigenvalue,  0.1621426032513857E+01
       4608-th eigenvalue,  0.1569570253235984E+01
       4608-th eigenvalue,  0.1520237668054421E+01
       4608-th eigenvalue,  0.1473357830872495E+01
       4608-th eigenvalue,  0.1428890709130800E+01
       4608-th eigenvalue,  0.1386792555149539E+01
       4608-th eigenvalue,  0.1346960554436996E+01
       4608-th eigenvalue,  0.1309188830227876E+01
       4608-th eigenvalue,  0.1273183053047578E+01
       4608-th eigenvalue,  0.1238628293007399E+01
       4608-th eigenvalue,  0.1205251849294014E+01
       4608-th eigenvalue,  0.1172846662418824E+01
       4608-th eigenvalue,  0.1141265348811304E+01
       4608-th eigenvalue,  0.1110404849433354E+01
       4608-th eigenvalue,  0.1080192311108314E+01
       4608-th eigenvalue,  0.1050574861161937E+01
       4608-th eigenvalue,  0.1021512838843412E+01
       4608-th eigenvalue,  0.9929754542275711E+00
       4608-th eigenvalue,  0.9649380162389616E+00
       4608-th eigenvalue,  0.9373801469685898E+00
       4608-th eigenvalue,  0.9102846140568475E+00
       4608-th eigenvalue,  0.8836365542389510E+00
       4608-th eigenvalue,  0.8574229490858425E+00
       4608-th eigenvalue,  0.8316322681525581E+00
       4608-th eigenvalue,  0.8062542291593731E+00
       4608-th eigenvalue,  0.7812796492696108E+00
       4608-th eigenvalue,  0.7567003848531271E+00
       4608-th eigenvalue,  0.7325093936926119E+00
       4608-th eigenvalue,  0.7087010431916418E+00
       4608-th eigenvalue,  0.6852720798863725E+00
       4608-th eigenvalue,  0.6622248671560034E+00
       4608-th eigenvalue,  0.6395805802939054E+00
       4608-th eigenvalue,  0.6177983328182322E+00
       4608-th eigenvalue,  0.5975142318101645E+00
       4608-th eigenvalue,  0.5774418848494611E+00
       4608-th eigenvalue,  0.5575748688057860E+00
       4608-th eigenvalue,  0.5379094250724072E+00
       4608-th eigenvalue,  0.5184433339714412E+00
       4608-th eigenvalue,  0.4991756115134982E+00
       4608-th eigenvalue,  0.4801063300967008E+00
       4608-th eigenvalue,  0.4612364958729254E+00
       4608-th eigenvalue,  0.4425679631280761E+00
       4608-th eigenvalue,  0.4241033758147221E+00
       4608-th eigenvalue,  0.4058461299261826E+00
       4608-th eigenvalue,  0.3878003523268518E+00
       4608-th eigenvalue,  0.3699708929289272E+00
       4608-th eigenvalue,  0.3523633280190368E+00
       4608-th eigenvalue,  0.3349839732132012E+00
       4608-th eigenvalue,  0.3178399050267964E+00
       4608-th eigenvalue,  0.3009389904366400E+00
       4608-th eigenvalue,  0.2842899241209698E+00
       4608-th eigenvalue,  0.2679022733176679E+00
       4608-th eigenvalue,  0.2517865304643019E+00
       4608-th eigenvalue,  0.2359541739957389E+00
       4608-th eigenvalue,  0.2204177378962682E+00
       4608-th eigenvalue,  0.2051908908555382E+00
       4608-th eigenvalue,  0.1902885261868807E+00
       4608-th eigenvalue,  0.1757268640635230E+00
       4608-th eigenvalue,  0.1615235681472520E+00
       4608-th eigenvalue,  0.1476978793586150E+00
       4608-th eigenvalue,  0.1342707703857933E+00
       4608-th eigenvalue,  0.1212651255227033E+00
       4608-th eigenvalue,  0.1087059514300148E+00
       4608-th eigenvalue,  0.9662062506844737E-01
       4608-th eigenvalue,  0.8503918458648685E-01
       4608-th eigenvalue,  0.7399466584403402E-01
       4608-th eigenvalue,  0.6352372860856526E-01
       4608-th eigenvalue,  0.5366621909493707E-01
       4608-th eigenvalue,  0.4446640199347152E-01
       4608-th eigenvalue,  0.3597291757110144E-01
       4608-th eigenvalue,  0.2823862088837004E-01
       4608-th eigenvalue,  0.2131998893861509E-01
       4608-th eigenvalue,  0.1527544446758888E-01
       4608-th eigenvalue,  0.1015825629353984E-01
       4608-th eigenvalue,  0.6000910561019923E-02
       4608-th eigenvalue,  0.2828320270197304E-02
       4608-th eigenvalue,  0.7463395347966362E-03
